dll,name,address
MFC42.DLL,,0x40d094
MFC42.DLL,,0x40d098
MFC42.DLL,,0x40d09c
MFC42.DLL,,0x40d0a0
MFC42.DLL,,0x40d0a4
MFC42.DLL,,0x40d0a8
MFC42.DLL,,0x40d0ac
MFC42.DLL,,0x40d0b0
MFC42.DLL,,0x40d0b4
MFC42.DLL,,0x40d0b8
MFC42.DLL,,0x40d0bc
MFC42.DLL,,0x40d0c0
MFC42.DLL,,0x40d0c4
MFC42.DLL,,0x40d0c8
MFC42.DLL,,0x40d0cc
MFC42.DLL,,0x40d0d0
MFC42.DLL,,0x40d0d4
MFC42.DLL,,0x40d0d8
MFC42.DLL,,0x40d0dc
MFC42.DLL,,0x40d0e0
MFC42.DLL,,0x40d0e4
MFC42.DLL,,0x40d0e8
MFC42.DLL,,0x40d0ec
MFC42.DLL,,0x40d0f0
MFC42.DLL,,0x40d0f4
MFC42.DLL,,0x40d0f8
MFC42.DLL,,0x40d0fc
MFC42.DLL,,0x40d100
MFC42.DLL,,0x40d104
MFC42.DLL,,0x40d108
MFC42.DLL,,0x40d10c
MFC42.DLL,,0x40d110
MFC42.DLL,,0x40d114
MFC42.DLL,,0x40d118
MFC42.DLL,,0x40d11c
MFC42.DLL,,0x40d120
MFC42.DLL,,0x40d124
MFC42.DLL,,0x40d128
MFC42.DLL,,0x40d12c
MFC42.DLL,,0x40d130
MFC42.DLL,,0x40d134
MFC42.DLL,,0x40d138
MFC42.DLL,,0x40d13c
MFC42.DLL,,0x40d140
MFC42.DLL,,0x40d144
MFC42.DLL,,0x40d148
MFC42.DLL,,0x40d14c
MFC42.DLL,,0x40d150
MFC42.DLL,,0x40d154
MFC42.DLL,,0x40d158
MFC42.DLL,,0x40d15c
MFC42.DLL,,0x40d160
MFC42.DLL,,0x40d164
MFC42.DLL,,0x40d168
MFC42.DLL,,0x40d16c
MFC42.DLL,,0x40d170
MFC42.DLL,,0x40d174
MFC42.DLL,,0x40d178
MFC42.DLL,,0x40d17c
MFC42.DLL,,0x40d180
MFC42.DLL,,0x40d184
MFC42.DLL,,0x40d188
MFC42.DLL,,0x40d18c
MFC42.DLL,,0x40d190
MFC42.DLL,,0x40d194
MFC42.DLL,,0x40d198
MFC42.DLL,,0x40d19c
MFC42.DLL,,0x40d1a0
MFC42.DLL,,0x40d1a4
MFC42.DLL,,0x40d1a8
MFC42.DLL,,0x40d1ac
MFC42.DLL,,0x40d1b0
MFC42.DLL,,0x40d1b4
MFC42.DLL,,0x40d1b8
MFC42.DLL,,0x40d1bc
MFC42.DLL,,0x40d1c0
MFC42.DLL,,0x40d1c4
MFC42.DLL,,0x40d1c8
MFC42.DLL,,0x40d1cc
MFC42.DLL,,0x40d1d0
MFC42.DLL,,0x40d1d4
MFC42.DLL,,0x40d1d8
MFC42.DLL,,0x40d1dc
MFC42.DLL,,0x40d1e0
MFC42.DLL,,0x40d1e4
MFC42.DLL,,0x40d1e8
MFC42.DLL,,0x40d1ec
MFC42.DLL,,0x40d1f0
MFC42.DLL,,0x40d1f4
MFC42.DLL,,0x40d1f8
MFC42.DLL,,0x40d1fc
MFC42.DLL,,0x40d200
MFC42.DLL,,0x40d204
MFC42.DLL,,0x40d208
MFC42.DLL,,0x40d20c
MFC42.DLL,,0x40d210
MFC42.DLL,,0x40d214
MFC42.DLL,,0x40d218
MFC42.DLL,,0x40d21c
MFC42.DLL,,0x40d220
MFC42.DLL,,0x40d224
MFC42.DLL,,0x40d228
MFC42.DLL,,0x40d22c
MFC42.DLL,,0x40d230
MFC42.DLL,,0x40d234
MFC42.DLL,,0x40d238
MFC42.DLL,,0x40d23c
MFC42.DLL,,0x40d240
MFC42.DLL,,0x40d244
MFC42.DLL,,0x40d248
MFC42.DLL,,0x40d24c
MFC42.DLL,,0x40d250
MFC42.DLL,,0x40d254
MFC42.DLL,,0x40d258
MFC42.DLL,,0x40d25c
MFC42.DLL,,0x40d260
MFC42.DLL,,0x40d264
MFC42.DLL,,0x40d268
MFC42.DLL,,0x40d26c
MFC42.DLL,,0x40d270
MFC42.DLL,,0x40d274
MFC42.DLL,,0x40d278
MFC42.DLL,,0x40d27c
MFC42.DLL,,0x40d280
MFC42.DLL,,0x40d284
MFC42.DLL,,0x40d288
MFC42.DLL,,0x40d28c
MFC42.DLL,,0x40d290
MFC42.DLL,,0x40d294
MFC42.DLL,,0x40d298
MFC42.DLL,,0x40d29c
MFC42.DLL,,0x40d2a0
MFC42.DLL,,0x40d2a4
MFC42.DLL,,0x40d2a8
MFC42.DLL,,0x40d2ac
MFC42.DLL,,0x40d2b0
MFC42.DLL,,0x40d2b4
MFC42.DLL,,0x40d2b8
MFC42.DLL,,0x40d2bc
MFC42.DLL,,0x40d2c0
MFC42.DLL,,0x40d2c4
MFC42.DLL,,0x40d2c8
MFC42.DLL,,0x40d2cc
MFC42.DLL,,0x40d2d0
MFC42.DLL,,0x40d2d4
MFC42.DLL,,0x40d2d8
MFC42.DLL,,0x40d2dc
MFC42.DLL,,0x40d2e0
MFC42.DLL,,0x40d2e4
MFC42.DLL,,0x40d2e8
MFC42.DLL,,0x40d2ec
MFC42.DLL,,0x40d2f0
MFC42.DLL,,0x40d2f4
MFC42.DLL,,0x40d2f8
MFC42.DLL,,0x40d2fc
MFC42.DLL,,0x40d300
MFC42.DLL,,0x40d304
MFC42.DLL,,0x40d308
MFC42.DLL,,0x40d30c
MFC42.DLL,,0x40d310
MFC42.DLL,,0x40d314
MFC42.DLL,,0x40d318
MFC42.DLL,,0x40d31c
MFC42.DLL,,0x40d320
MFC42.DLL,,0x40d324
MFC42.DLL,,0x40d328
MFC42.DLL,,0x40d32c
MFC42.DLL,,0x40d330
MFC42.DLL,,0x40d334
MFC42.DLL,,0x40d338
MFC42.DLL,,0x40d33c
MFC42.DLL,,0x40d340
MFC42.DLL,,0x40d344
MFC42.DLL,,0x40d348
MFC42.DLL,,0x40d34c
MFC42.DLL,,0x40d350
MFC42.DLL,,0x40d354
MFC42.DLL,,0x40d358
MFC42.DLL,,0x40d35c
MFC42.DLL,,0x40d360
MFC42.DLL,,0x40d364
MFC42.DLL,,0x40d368
MFC42.DLL,,0x40d36c
MFC42.DLL,,0x40d370
MFC42.DLL,,0x40d374
MFC42.DLL,,0x40d378
MFC42.DLL,,0x40d37c
MSVCRT.dll,_strcmpi,0x40d3cc
MSVCRT.dll,_setmbcp,0x40d3d0
MSVCRT.dll,??1type_info@@UAE@XZ,0x40d3d4
MSVCRT.dll,_exit,0x40d3d8
MSVCRT.dll,_XcptFilter,0x40d3dc
MSVCRT.dll,exit,0x40d3e0
MSVCRT.dll,_acmdln,0x40d3e4
MSVCRT.dll,__getmainargs,0x40d3e8
MSVCRT.dll,_initterm,0x40d3ec
MSVCRT.dll,__setusermatherr,0x40d3f0
MSVCRT.dll,_adjust_fdiv,0x40d3f4
MSVCRT.dll,__p__commode,0x40d3f8
MSVCRT.dll,__p__fmode,0x40d3fc
MSVCRT.dll,__set_app_type,0x40d400
MSVCRT.dll,_controlfp,0x40d404
MSVCRT.dll,__CxxFrameHandler,0x40d408
MSVCRT.dll,rand,0x40d40c
MSVCRT.dll,atoi,0x40d410
MSVCRT.dll,_CxxThrowException,0x40d414
MSVCRT.dll,strstr,0x40d418
MSVCRT.dll,_mbscmp,0x40d41c
MSVCRT.dll,_chdir,0x40d420
MSVCRT.dll,_ftol,0x40d424
MSVCRT.dll,_except_handler3,0x40d428
MSVCRT.dll,?terminate@@YAXXZ,0x40d42c
MSVCRT.dll,__dllonexit,0x40d430
MSVCRT.dll,_onexit,0x40d434
KERNEL32.dll,FindNextFileA,0x40d044
KERNEL32.dll,GetTickCount,0x40d048
KERNEL32.dll,GetModuleHandleA,0x40d04c
KERNEL32.dll,GetStartupInfoA,0x40d050
KERNEL32.dll,Sleep,0x40d054
KERNEL32.dll,LoadLibraryA,0x40d058
KERNEL32.dll,GetProcAddress,0x40d05c
KERNEL32.dll,GetLogicalDriveStringsA,0x40d060
KERNEL32.dll,GetDriveTypeA,0x40d064
KERNEL32.dll,CreateThread,0x40d068
KERNEL32.dll,CopyFileA,0x40d06c
KERNEL32.dll,CloseHandle,0x40d070
KERNEL32.dll,GetFileSize,0x40d074
KERNEL32.dll,CreateFileA,0x40d078
KERNEL32.dll,lstrcpyA,0x40d07c
KERNEL32.dll,lstrlenA,0x40d080
KERNEL32.dll,DeleteFileA,0x40d084
KERNEL32.dll,FindFirstFileA,0x40d088
KERNEL32.dll,FindClose,0x40d08c
USER32.dll,CreatePopupMenu,0x40d45c
USER32.dll,PostQuitMessage,0x40d460
USER32.dll,LoadBitmapA,0x40d464
USER32.dll,IsIconic,0x40d468
USER32.dll,SendMessageA,0x40d46c
USER32.dll,EnableWindow,0x40d470
USER32.dll,GetCursorPos,0x40d474
USER32.dll,CloseWindow,0x40d478
USER32.dll,GetParent,0x40d47c
USER32.dll,LoadCursorA,0x40d480
USER32.dll,SetCursor,0x40d484
USER32.dll,PtInRect,0x40d488
USER32.dll,ScreenToClient,0x40d48c
USER32.dll,GetSystemMetrics,0x40d490
USER32.dll,DrawIcon,0x40d494
USER32.dll,AppendMenuA,0x40d498
USER32.dll,EnableMenuItem,0x40d49c
USER32.dll,MessageBoxA,0x40d4a0
USER32.dll,ClientToScreen,0x40d4a4
USER32.dll,LoadMenuA,0x40d4a8
USER32.dll,CheckMenuItem,0x40d4ac
USER32.dll,GetSubMenu,0x40d4b0
USER32.dll,InvalidateRect,0x40d4b4
USER32.dll,IsWindowVisible,0x40d4b8
USER32.dll,GetWindowRect,0x40d4bc
USER32.dll,KillTimer,0x40d4c0
USER32.dll,SetTimer,0x40d4c4
USER32.dll,GetClientRect,0x40d4c8
USER32.dll,PostMessageA,0x40d4cc
USER32.dll,SetForegroundWindow,0x40d4d0
GDI32.dll,StretchBlt,0x40d000
GDI32.dll,GetStockObject,0x40d004
GDI32.dll,GetTextExtentPoint32A,0x40d008
GDI32.dll,Ellipse,0x40d00c
GDI32.dll,CreateFontA,0x40d010
GDI32.dll,SetBkMode,0x40d014
GDI32.dll,SetTextColor,0x40d018
GDI32.dll,SetBkColor,0x40d01c
GDI32.dll,GetCurrentObject,0x40d020
GDI32.dll,GetObjectA,0x40d024
GDI32.dll,CreateCompatibleDC,0x40d028
GDI32.dll,CreateCompatibleBitmap,0x40d02c
GDI32.dll,BitBlt,0x40d030
GDI32.dll,CreateFontIndirectA,0x40d034
GDI32.dll,CreateSolidBrush,0x40d038
GDI32.dll,CreatePen,0x40d03c
SHELL32.dll,SHGetMalloc,0x40d444
SHELL32.dll,SHBrowseForFolderA,0x40d448
SHELL32.dll,SHGetPathFromIDListA,0x40d44c
SHELL32.dll,Shell_NotifyIconA,0x40d450
SHELL32.dll,ShellExecuteA,0x40d454
MSVCIRT.dll,??6ostream@@QAEAAV0@H@Z,0x40d384
MSVCIRT.dll,??1ios@@UAE@XZ,0x40d388
MSVCIRT.dll,??1ofstream@@UAE@XZ,0x40d38c
MSVCIRT.dll,?close@ofstream@@QAEXXZ,0x40d390
MSVCIRT.dll,??0ofstream@@QAE@PBDHH@Z,0x40d394
MSVCIRT.dll,?openprot@filebuf@@2HB,0x40d398
MSVCIRT.dll,??_Difstream@@QAEXXZ,0x40d39c
MSVCIRT.dll,??1ifstream@@UAE@XZ,0x40d3a0
MSVCIRT.dll,?close@ifstream@@QAEXXZ,0x40d3a4
MSVCIRT.dll,_mtunlock,0x40d3a8
MSVCIRT.dll,_mtlock,0x40d3ac
MSVCIRT.dll,?get@istream@@IAEAAV1@PADHH@Z,0x40d3b0
MSVCIRT.dll,??0ifstream@@QAE@PBDHH@Z,0x40d3b4
MSVCIRT.dll,?endl@@YAAAVostream@@AAV1@@Z,0x40d3b8
MSVCIRT.dll,??6ostream@@QAEAAV0@PBD@Z,0x40d3bc
MSVCIRT.dll,??_Dofstream@@QAEXXZ,0x40d3c0
MSVCIRT.dll,??6ostream@@QAEAAV0@I@Z,0x40d3c4
MSVFW32.dll,MCIWndCreateA,0x40d43c
